section,command,windows,macos,source,source_updated,verified_30_1
Popular shortcuts,Undo,Ctrl + Z,Command + Z,https://helpx.adobe.com/illustrator/using/default-keyboard-shortcuts.html,"Feb 17, 2026",
Popular shortcuts,Redo,Shift + Ctrl + Z,Shift + Command + Z,https://helpx.adobe.com/illustrator/using/default-keyboard-shortcuts.html,"Feb 17, 2026",
Popular shortcuts,Cut,Ctrl + X,Command + X,https://helpx.adobe.com/illustrator/using/default-keyboard-shortcuts.html,"Feb 17, 2026",
Popular shortcuts,Copy,Ctrl + C,Command + C,https://helpx.adobe.com/illustrator/using/default-keyboard-shortcuts.html,"Feb 17, 2026",
Popular shortcuts,Paste,Ctrl + V,Command + V,https://helpx.adobe.com/illustrator/using/default-keyboard-shortcuts.html,"Feb 17, 2026",
Popular shortcuts,Paste in front,Ctrl + F,Command + F,https://helpx.adobe.com/illustrator/using/default-keyboard-shortcuts.html,"Feb 17, 2026",
Popular shortcuts,Paste at back,Ctrl + B,Command + B,https://helpx.adobe.com/illustrator/using/default-keyboard-shortcuts.html,"Feb 17, 2026",
Popular shortcuts,Paste in place,Shift + Ctrl + V,Shift + Command + V,https://helpx.adobe.com/illustrator/using/default-keyboard-shortcuts.html,"Feb 17, 2026",
Popular shortcuts,Paste on all artboards,Alt + Shift + Ctrl + V,Option + Shift + Command + V,https://helpx.adobe.com/illustrator/using/default-keyboard-shortcuts.html,"Feb 17, 2026",
Popular shortcuts,Check spelling,Ctrl + I,Command + I,https://helpx.adobe.com/illustrator/using/default-keyboard-shortcuts.html,"Feb 17, 2026",
Popular shortcuts,Open the Color Settings dialog box,Shift + Ctrl + K,Shift + Command + K,https://helpx.adobe.com/illustrator/using/default-keyboard-shortcuts.html,"Feb 17, 2026",
Popular shortcuts,Open the Keyboard Shortcuts dialog box,Alt + Shift + Ctrl + K,Option + Shift + Command + K,https://helpx.adobe.com/illustrator/using/default-keyboard-shortcuts.html,"Feb 17, 2026",
Popular shortcuts,Open the Preferences dialog box,Ctrl + K,Command + K,https://helpx.adobe.com/illustrator/using/default-keyboard-shortcuts.html,"Feb 17, 2026",
Work with documents,Create a document,Ctrl + N,Command + N,https://helpx.adobe.com/illustrator/using/default-keyboard-shortcuts.html,"Feb 17, 2026",
Work with documents,Create a document from a template,Shift + Ctrl + N,Shift + Command + N,https://helpx.adobe.com/illustrator/using/default-keyboard-shortcuts.html,"Feb 17, 2026",
Work with documents,Create a document without opening the New Document dialog box,Alt + Ctrl + N,Option + Command + N,https://helpx.adobe.com/illustrator/using/default-keyboard-shortcuts.html,"Feb 17, 2026",
Work with documents,Open a document,Ctrl + O,Command + O,https://helpx.adobe.com/illustrator/using/default-keyboard-shortcuts.html,"Feb 17, 2026",
Work with documents,Place a file in the document,Shift + Ctrl + P,Shift + Command + P,https://helpx.adobe.com/illustrator/using/default-keyboard-shortcuts.html,"Feb 17, 2026",
Work with documents,Open the File Information dialog box,Alt + Shift + Ctrl + I,Option + Shift + Command + I,https://helpx.adobe.com/illustrator/using/default-keyboard-shortcuts.html,"Feb 17, 2026",
Work with documents,Open the Document Setup dialog box,Alt + Ctrl + P,Option + Command + P,https://helpx.adobe.com/illustrator/using/default-keyboard-shortcuts.html,"Feb 17, 2026",
Work with documents,Browse in Adobe Bridge,Alt + Ctrl + O,Option + Command + O,https://helpx.adobe.com/illustrator/using/default-keyboard-shortcuts.html,"Feb 17, 2026",
Work with documents,Close the document window,Ctrl + W,Command + W,https://helpx.adobe.com/illustrator/using/default-keyboard-shortcuts.html,"Feb 17, 2026",
Work with documents,Save changes made to the document,Ctrl + S,Command + S,https://helpx.adobe.com/illustrator/using/default-keyboard-shortcuts.html,"Feb 17, 2026",
Work with documents,Open the Save As dialog box,Shift + Ctrl + S,Shift + Command + S,https://helpx.adobe.com/illustrator/using/default-keyboard-shortcuts.html,"Feb 17, 2026",
Work with documents,Save a copy of the document,Alt + Ctrl + S,Option + Command + S,https://helpx.adobe.com/illustrator/using/default-keyboard-shortcuts.html,"Feb 17, 2026",
Work with documents,Save the document as script files,Ctrl + F12,Command + F12,https://helpx.adobe.com/illustrator/using/default-keyboard-shortcuts.html,"Feb 17, 2026",
Work with documents,Open the Export for screens dialog box,Alt + Ctrl + E,Option + Command + E,https://helpx.adobe.com/illustrator/using/default-keyboard-shortcuts.html,"Feb 17, 2026",
Work with documents,Open the Save For Web dialog box,Alt + Shift + Ctrl + S,Option + Shift + Command + S,https://helpx.adobe.com/illustrator/using/default-keyboard-shortcuts.html,"Feb 17, 2026",
Work with documents,Package the document,Alt + Shift + Ctrl + P,Option + Shift + Command + P,https://helpx.adobe.com/illustrator/using/default-keyboard-shortcuts.html,"Feb 17, 2026",
Work with documents,Print,Ctrl + P,Command + P,https://helpx.adobe.com/illustrator/using/default-keyboard-shortcuts.html,"Feb 17, 2026",
Work with documents,Exit the application,Ctrl + Q,Command + Q,https://helpx.adobe.com/illustrator/using/default-keyboard-shortcuts.html,"Feb 17, 2026",
Select tools,Artboard tool,Shift + O,Shift + O,https://helpx.adobe.com/illustrator/using/default-keyboard-shortcuts.html,"Feb 17, 2026",
Select tools,Selection tool,V,V,https://helpx.adobe.com/illustrator/using/default-keyboard-shortcuts.html,"Feb 17, 2026",
Select tools,Direct Selection tool,A,A,https://helpx.adobe.com/illustrator/using/default-keyboard-shortcuts.html,"Feb 17, 2026",
Select tools,Magic Wand tool,Y,Y,https://helpx.adobe.com/illustrator/using/default-keyboard-shortcuts.html,"Feb 17, 2026",
Select tools,Lasso tool,Q,Q,https://helpx.adobe.com/illustrator/using/default-keyboard-shortcuts.html,"Feb 17, 2026",
Select tools,Pen tool,P,P,https://helpx.adobe.com/illustrator/using/default-keyboard-shortcuts.html,"Feb 17, 2026",
Select tools,Curvature tool,Shift + ~,Shift + ~,https://helpx.adobe.com/illustrator/using/default-keyboard-shortcuts.html,"Feb 17, 2026",
Select tools,Blob Brush tool,Shift + B,Shift + B,https://helpx.adobe.com/illustrator/using/default-keyboard-shortcuts.html,"Feb 17, 2026",
Select tools,Add Anchor Point tool,+ (plus),+ (plus),https://helpx.adobe.com/illustrator/using/default-keyboard-shortcuts.html,"Feb 17, 2026",
Select tools,Delete Anchor Point tool,- (minus),- (minus),https://helpx.adobe.com/illustrator/using/default-keyboard-shortcuts.html,"Feb 17, 2026",
Select tools,Switch to Anchor Point tool,Shift + C,Shift + C,https://helpx.adobe.com/illustrator/using/default-keyboard-shortcuts.html,"Feb 17, 2026",
Select tools,Type tool,T,T,https://helpx.adobe.com/illustrator/using/default-keyboard-shortcuts.html,"Feb 17, 2026",
Select tools,Touch Type tool,Shift + T,Shift + T,https://helpx.adobe.com/illustrator/using/default-keyboard-shortcuts.html,"Feb 17, 2026",
Select tools,Line Segment tool,\ (backslash),\ (backslash),https://helpx.adobe.com/illustrator/using/default-keyboard-shortcuts.html,"Feb 17, 2026",
Select tools,Rectangle tool,M,M,https://helpx.adobe.com/illustrator/using/default-keyboard-shortcuts.html,"Feb 17, 2026",
Select tools,Ellipse tool,L,L,https://helpx.adobe.com/illustrator/using/default-keyboard-shortcuts.html,"Feb 17, 2026",
Select tools,Paintbrush tool,B,B,https://helpx.adobe.com/illustrator/using/default-keyboard-shortcuts.html,"Feb 17, 2026",
Select tools,Pencil tool,N,N,https://helpx.adobe.com/illustrator/using/default-keyboard-shortcuts.html,"Feb 17, 2026",
Select tools,Shaper tool,Shift + N,Shift + N,https://helpx.adobe.com/illustrator/using/default-keyboard-shortcuts.html,"Feb 17, 2026",
Select tools,Rotate tool,R,R,https://helpx.adobe.com/illustrator/using/default-keyboard-shortcuts.html,"Feb 17, 2026",
Select tools,Reflect tool,O,O,https://helpx.adobe.com/illustrator/using/default-keyboard-shortcuts.html,"Feb 17, 2026",
Select tools,Scale tool,S,S,https://helpx.adobe.com/illustrator/using/default-keyboard-shortcuts.html,"Feb 17, 2026",
Select tools,Warp tool,Shift + R,Shift + R,https://helpx.adobe.com/illustrator/using/default-keyboard-shortcuts.html,"Feb 17, 2026",
Select tools,Width Tool,Shift+W,Shift+W,https://helpx.adobe.com/illustrator/using/default-keyboard-shortcuts.html,"Feb 17, 2026",
Select tools,Free Transform tool,E,E,https://helpx.adobe.com/illustrator/using/default-keyboard-shortcuts.html,"Feb 17, 2026",
Select tools,Shape Builder Tool,Shift+M,Shift+M,https://helpx.adobe.com/illustrator/using/default-keyboard-shortcuts.html,"Feb 17, 2026",
Select tools,Perspective Grid Tool,Shift+P,Shift+P,https://helpx.adobe.com/illustrator/using/default-keyboard-shortcuts.html,"Feb 17, 2026",
Select tools,Perspective Selection Tool,Shift+V,Shift+V,https://helpx.adobe.com/illustrator/using/default-keyboard-shortcuts.html,"Feb 17, 2026",
Select tools,Symbol Sprayer tool,Shift + S,Shift + S,https://helpx.adobe.com/illustrator/using/default-keyboard-shortcuts.html,"Feb 17, 2026",
Select tools,Column Graph tool,J,J,https://helpx.adobe.com/illustrator/using/default-keyboard-shortcuts.html,"Feb 17, 2026",
Select tools,Mesh tool,U,U,https://helpx.adobe.com/illustrator/using/default-keyboard-shortcuts.html,"Feb 17, 2026",
Select tools,Gradient tool,G,G,https://helpx.adobe.com/illustrator/using/default-keyboard-shortcuts.html,"Feb 17, 2026",
Select tools,Eyedropper tool,I,I,https://helpx.adobe.com/illustrator/using/default-keyboard-shortcuts.html,"Feb 17, 2026",
Select tools,Blend tool,W,W,https://helpx.adobe.com/illustrator/using/default-keyboard-shortcuts.html,"Feb 17, 2026",
Select tools,Live Paint Bucket tool,K,K,https://helpx.adobe.com/illustrator/using/default-keyboard-shortcuts.html,"Feb 17, 2026",
Select tools,Live Paint Selection tool,Shift + L,Shift + L,https://helpx.adobe.com/illustrator/using/default-keyboard-shortcuts.html,"Feb 17, 2026",
Select tools,Slice tool,Shift + K,Shift + K,https://helpx.adobe.com/illustrator/using/default-keyboard-shortcuts.html,"Feb 17, 2026",
Select tools,Eraser tool,Shift + E,Shift + E,https://helpx.adobe.com/illustrator/using/default-keyboard-shortcuts.html,"Feb 17, 2026",
Select tools,Scissors tool,C,C,https://helpx.adobe.com/illustrator/using/default-keyboard-shortcuts.html,"Feb 17, 2026",
Select tools,Hand tool,H,H,https://helpx.adobe.com/illustrator/using/default-keyboard-shortcuts.html,"Feb 17, 2026",
Select tools,Zoom tool,Z,Z,https://helpx.adobe.com/illustrator/using/default-keyboard-shortcuts.html,"Feb 17, 2026",
Select tools,Switch to Smooth tool while using Blob Brush tool,Press Alt,Press Option,https://helpx.adobe.com/illustrator/using/default-keyboard-shortcuts.html,"Feb 17, 2026",
View artwork,"Toggle between screen modes: Normal Screen Mode, Full Screen Mode with Menu Bar, Full Screen Mode",F,F,https://helpx.adobe.com/illustrator/using/default-keyboard-shortcuts.html,"Feb 17, 2026",
View artwork,Fit imageable area in window,Double-click Hand tool,Double-click Hand tool,https://helpx.adobe.com/illustrator/using/default-keyboard-shortcuts.html,"Feb 17, 2026",
View artwork,Magnify 100%,Double-click Zoom tool or press Ctrl + 1,Double-click Zoom tool or press Command + 1,https://helpx.adobe.com/illustrator/using/default-keyboard-shortcuts.html,"Feb 17, 2026",
View artwork,Switch to Hand tool (when not in text-edit mode),Spacebar,Spacebar,https://helpx.adobe.com/illustrator/using/default-keyboard-shortcuts.html,"Feb 17, 2026",
View artwork,Switch to Zoom tool in magnify mode,Ctrl + Spacebar,Spacebar + Command,https://helpx.adobe.com/illustrator/using/default-keyboard-shortcuts.html,"Feb 17, 2026",
View artwork,Switch to Zoom tool in reduce mode,Ctrl + Alt + Spacebar,Spacebar + Command + Option,https://helpx.adobe.com/illustrator/using/default-keyboard-shortcuts.html,"Feb 17, 2026",
View artwork,Move Zoom marquee while dragging with the Zoom tool,Spacebar,Spacebar,https://helpx.adobe.com/illustrator/using/default-keyboard-shortcuts.html,"Feb 17, 2026",
View artwork,Hide bounding box,Shift + Ctrl + B,Shift + Command + B,https://helpx.adobe.com/illustrator/using/default-keyboard-shortcuts.html,"Feb 17, 2026",
View artwork,Hide unselected artwork,Ctrl + Alt + Shift + 3,Command + Option + Shift + 3,https://helpx.adobe.com/illustrator/using/default-keyboard-shortcuts.html,"Feb 17, 2026",
View artwork,Convert between horizontal and vertical guide,Alt-drag guide,Option-drag guide,https://helpx.adobe.com/illustrator/using/default-keyboard-shortcuts.html,"Feb 17, 2026",
View artwork,Release guide,Ctrl + Shift-double-click guide,Command + Shift-double-click guide,https://helpx.adobe.com/illustrator/using/default-keyboard-shortcuts.html,"Feb 17, 2026",
View artwork,Show/Hide artboards,Ctrl + Shift + H,Command + Shift + H,https://helpx.adobe.com/illustrator/using/default-keyboard-shortcuts.html,"Feb 17, 2026",
View artwork,Show/Hide artboard rulers,Ctrl + R,Command + Option + R,https://helpx.adobe.com/illustrator/using/default-keyboard-shortcuts.html,"Feb 17, 2026",
View artwork,Show transparency grid,Shift + Ctrl + D,Shift + Command + D,https://helpx.adobe.com/illustrator/using/default-keyboard-shortcuts.html,"Feb 17, 2026",
View artwork,View all artboards in window,Ctrl + Alt + 0 (zero),Command + Option + 0 (zero),https://helpx.adobe.com/illustrator/using/default-keyboard-shortcuts.html,"Feb 17, 2026",
View artwork,Paste in place on the active artboard,Ctrl + Shift+V,Command + Shift + V,https://helpx.adobe.com/illustrator/using/default-keyboard-shortcuts.html,"Feb 17, 2026",
View artwork,Exit Artboard tool mode,Esc,Esc,https://helpx.adobe.com/illustrator/using/default-keyboard-shortcuts.html,"Feb 17, 2026",
View artwork,Create artboard inside another artboard,Shift-drag,Shift-drag,https://helpx.adobe.com/illustrator/using/default-keyboard-shortcuts.html,"Feb 17, 2026",
View artwork,Select multiple artboards in the Artboards panel,Ctrl + click,Command + click,https://helpx.adobe.com/illustrator/using/default-keyboard-shortcuts.html,"Feb 17, 2026",
View artwork,Navigate to next document,Ctrl + F6,Command + F6,https://helpx.adobe.com/illustrator/using/default-keyboard-shortcuts.html,"Feb 17, 2026",
View artwork,Navigate to previous document,Ctrl + Shift + F6,Command + Shift + F6,https://helpx.adobe.com/illustrator/using/default-keyboard-shortcuts.html,"Feb 17, 2026",
View artwork,Navigate to next document group,Ctrl + Alt + F6,Command + Option + F6,https://helpx.adobe.com/illustrator/using/default-keyboard-shortcuts.html,"Feb 17, 2026",
View artwork,Navigate to previous document group,Ctrl + Alt + Shift + F6,Command + Option + Shift + F6,https://helpx.adobe.com/illustrator/using/default-keyboard-shortcuts.html,"Feb 17, 2026",
View artwork,Toggle between Outline and GPU Preview of the document,Ctrl + Y,Command + Y,https://helpx.adobe.com/illustrator/using/default-keyboard-shortcuts.html,"Feb 17, 2026",
View artwork,Toggle between GPU and CPU Preview of the document,Ctrl + E,Command + E,https://helpx.adobe.com/illustrator/using/default-keyboard-shortcuts.html,"Feb 17, 2026",
View artwork,View the document in Overprint Preview mode,Alt + Shift + Ctrl + Y,Option + Shift + Command + Y,https://helpx.adobe.com/illustrator/using/default-keyboard-shortcuts.html,"Feb 17, 2026",
View artwork,View the document in Pixel Preview mode,Alt + Ctrl + Y,Option + Command + Y,https://helpx.adobe.com/illustrator/using/default-keyboard-shortcuts.html,"Feb 17, 2026",
View artwork,Exit Full Screen mode,Esc,Esc,https://helpx.adobe.com/illustrator/using/default-keyboard-shortcuts.html,"Feb 17, 2026",
View artwork,Zoom in,Ctrl + =,Command + =,https://helpx.adobe.com/illustrator/using/default-keyboard-shortcuts.html,"Feb 17, 2026",
View artwork,Zoom out,Ctrl + -,Command + -,https://helpx.adobe.com/illustrator/using/default-keyboard-shortcuts.html,"Feb 17, 2026",
View artwork,Hide guides,Ctrl + ;,Command + ;,https://helpx.adobe.com/illustrator/using/default-keyboard-shortcuts.html,"Feb 17, 2026",
View artwork,Lock guides,Alt + Ctrl + ;,Option + Command + ;,https://helpx.adobe.com/illustrator/using/default-keyboard-shortcuts.html,"Feb 17, 2026",
View artwork,Make guides,Ctrl + 5,Command + 5,https://helpx.adobe.com/illustrator/using/default-keyboard-shortcuts.html,"Feb 17, 2026",
View artwork,Release guides,Alt + Ctrl + 5,Option + Ctrl + 5,https://helpx.adobe.com/illustrator/using/default-keyboard-shortcuts.html,"Feb 17, 2026",
View artwork,Show/ hide smart guides,Ctrl + U,Command + U,https://helpx.adobe.com/illustrator/using/default-keyboard-shortcuts.html,"Feb 17, 2026",
View artwork,Show/ hide perspective grid,Ctrl + Shift + I,Command + Shift + I,https://helpx.adobe.com/illustrator/using/default-keyboard-shortcuts.html,"Feb 17, 2026",
View artwork,Show grid,Ctrl + ',Command + ',https://helpx.adobe.com/illustrator/using/default-keyboard-shortcuts.html,"Feb 17, 2026",
View artwork,Snap to grid,Shift + Ctrl + ',Shift + Command + ',https://helpx.adobe.com/illustrator/using/default-keyboard-shortcuts.html,"Feb 17, 2026",
View artwork,Snap to point,Alt + Ctrl + ',Option + Command + ',https://helpx.adobe.com/illustrator/using/default-keyboard-shortcuts.html,"Feb 17, 2026",
Work with selections,"Switch to last-used selection tool (Selection tool, Direct Selection tool, or Group Selection tool)",Ctrl + `,Command + `,https://helpx.adobe.com/illustrator/using/default-keyboard-shortcuts.html,"Feb 17, 2026",
Work with selections,Switch between Direct Selection tool and Group Selection tool,Alt,Option,https://helpx.adobe.com/illustrator/using/default-keyboard-shortcuts.html,"Feb 17, 2026",
Work with selections,"Add to a selection with Selection tool, Direct Selection tool, Group Selection tool, Live Paint Selection tool, or Magic Wand tool",Shift-click,Shift-click,https://helpx.adobe.com/illustrator/using/default-keyboard-shortcuts.html,"Feb 17, 2026",
Work with selections,"Subtract a selection with Selection tool, Direct Selection tool, Group Selection tool, or LIve Paint Selection tool",Shift-click,Shift-click,https://helpx.adobe.com/illustrator/using/default-keyboard-shortcuts.html,"Feb 17, 2026",
Work with selections,Subtract from selection with Magic Wand tool,Alt-click,Option-click,https://helpx.adobe.com/illustrator/using/default-keyboard-shortcuts.html,"Feb 17, 2026",
Work with selections,Add to selection with Lasso tool,Shift-drag,Shift-drag,https://helpx.adobe.com/illustrator/using/default-keyboard-shortcuts.html,"Feb 17, 2026",
Work with selections,Subtract from selection with Lasso tool,Alt-drag,Option-drag,https://helpx.adobe.com/illustrator/using/default-keyboard-shortcuts.html,"Feb 17, 2026",
Work with selections,Change pointer to cross hair for Lasso tool,Caps Lock,Caps Lock,https://helpx.adobe.com/illustrator/using/default-keyboard-shortcuts.html,"Feb 17, 2026",
Work with selections,Select artwork in active artboard,Ctrl + Alt + A,Command + Option + A,https://helpx.adobe.com/illustrator/using/default-keyboard-shortcuts.html,"Feb 17, 2026",
Work with selections,Create crop marks around selected object,Alt + C + O,,https://helpx.adobe.com/illustrator/using/default-keyboard-shortcuts.html,"Feb 17, 2026",
Work with selections,Select all,Ctrl + A,Command + A,https://helpx.adobe.com/illustrator/using/default-keyboard-shortcuts.html,"Feb 17, 2026",
Work with selections,Deselect,Shift + Ctrl + A,Shift + Command + A,https://helpx.adobe.com/illustrator/using/default-keyboard-shortcuts.html,"Feb 17, 2026",
Work with selections,Reselect,Ctrl + 6,Command + 6,https://helpx.adobe.com/illustrator/using/default-keyboard-shortcuts.html,"Feb 17, 2026",
Work with selections,Select the object above the current selection,Alt + Ctrl + ],Option + Command + ],https://helpx.adobe.com/illustrator/using/default-keyboard-shortcuts.html,"Feb 17, 2026",
Work with selections,Select the object below the current selection,Alt + Ctrl + [,Option + Command +,https://helpx.adobe.com/illustrator/using/default-keyboard-shortcuts.html,"Feb 17, 2026",
Work with selections,Select behind an object,Press Ctrl+click twice,Press Command+click twice,https://helpx.adobe.com/illustrator/using/default-keyboard-shortcuts.html,"Feb 17, 2026",
Work with selections,Select behind in isolation mode,Ctrl+click twice,Command+click twice,https://helpx.adobe.com/illustrator/using/default-keyboard-shortcuts.html,"Feb 17, 2026",
Work with selections,Group the selected artwork,Ctrl + G,Command + G,https://helpx.adobe.com/illustrator/using/default-keyboard-shortcuts.html,"Feb 17, 2026",
Work with selections,Ungroup the selected artwork,Shift + Ctrl + G,Shift + Command + G,https://helpx.adobe.com/illustrator/using/default-keyboard-shortcuts.html,"Feb 17, 2026",
Work with selections,Lock a selection,Ctrl + 2,Command + 2,https://helpx.adobe.com/illustrator/using/default-keyboard-shortcuts.html,"Feb 17, 2026",
Work with selections,Unlock a selection,Alt + Ctrl + 2,Option + Command + 2,https://helpx.adobe.com/illustrator/using/default-keyboard-shortcuts.html,"Feb 17, 2026",
Work with selections,Hide a selection,Ctrl + 3,Command + 3,https://helpx.adobe.com/illustrator/using/default-keyboard-shortcuts.html,"Feb 17, 2026",
Work with selections,Show all selections,Alt + Ctrl + 3,Option + Command + 3,https://helpx.adobe.com/illustrator/using/default-keyboard-shortcuts.html,"Feb 17, 2026",
Work with selections,Move selection in user-defined increments,"Right Arrow, Left Arrow, Up Arrow, or Down Arrow","Right Arrow, Left Arrow, Up Arrow, or Down Arrow",https://helpx.adobe.com/illustrator/using/default-keyboard-shortcuts.html,"Feb 17, 2026",
Work with selections,Move selection in 10x user-defined increments,"Shift + Right Arrow, Left Arrow, Up Arrow, or Down Arrow","Shift + Right Arrow, Left Arrow, Up Arrow, or Down Arrow",https://helpx.adobe.com/illustrator/using/default-keyboard-shortcuts.html,"Feb 17, 2026",
Work with selections,Lock all deselected artwork,Ctrl + Alt + Shift + 2,Command + Option + Shift + 2,https://helpx.adobe.com/illustrator/using/default-keyboard-shortcuts.html,"Feb 17, 2026",
Work with selections,Constrain movement to 45° angle (except when using Reflect tool),Hold down Shift,Hold down Shift,https://helpx.adobe.com/illustrator/using/default-keyboard-shortcuts.html,"Feb 17, 2026",
Work with selections,Bring a selection forward,Ctrl + ],Command + ],https://helpx.adobe.com/illustrator/using/default-keyboard-shortcuts.html,"Feb 17, 2026",
Work with selections,Move a selection to the front,Shift + Ctrl + ],Shift + Command + ],https://helpx.adobe.com/illustrator/using/default-keyboard-shortcuts.html,"Feb 17, 2026",
Work with selections,Send a selection backward,Ctrl + [,Command + [,https://helpx.adobe.com/illustrator/using/default-keyboard-shortcuts.html,"Feb 17, 2026",
Work with selections,Move a selection to the back,Shift + Ctrl + [,Shift + Command + [,https://helpx.adobe.com/illustrator/using/default-keyboard-shortcuts.html,"Feb 17, 2026",
Work with selections,Select only the objects that are completely inside the marquee,Press E while dragging the marquee,Press E while dragging the marquee,https://helpx.adobe.com/illustrator/using/default-keyboard-shortcuts.html,"Feb 17, 2026",
Draw,"Constrain a shape’s proportions or orientation to: equal height and width for rectangles, rounded rectangles, ellipses, and grids Increments of 45° for line and arc segments Original orientation for polygons, stars, and flares",Shift-drag,Shift-drag,https://helpx.adobe.com/illustrator/using/default-keyboard-shortcuts.html,"Feb 17, 2026",
Draw,Move a shape while drawing it,spacebar-drag,spacebar-drag,https://helpx.adobe.com/illustrator/using/default-keyboard-shortcuts.html,"Feb 17, 2026",
Draw,"Draw from the center of a shape (except for polygons, stars, and flares)",Alt-drag,Option-drag,https://helpx.adobe.com/illustrator/using/default-keyboard-shortcuts.html,"Feb 17, 2026",
Draw,"Increase or decrease polygon sides, star points, arc angle, spiral winds, or flare rays","Start dragging, then press the Up Arrow or Down Arrow","Start dragging, then press the Up Arrow or Down Arrow",https://helpx.adobe.com/illustrator/using/default-keyboard-shortcuts.html,"Feb 17, 2026",
Draw,Keep the inner radius of a star constant,"Start dragging, then hold down Ctrl","Start dragging, then hold down Command",https://helpx.adobe.com/illustrator/using/default-keyboard-shortcuts.html,"Feb 17, 2026",
Draw,Keep the sides of a star straight,Alt-drag,Option-drag,https://helpx.adobe.com/illustrator/using/default-keyboard-shortcuts.html,"Feb 17, 2026",
Draw,Switch between an open and closed arc,"Start dragging, then hold down C","Start dragging, then hold down C",https://helpx.adobe.com/illustrator/using/default-keyboard-shortcuts.html,"Feb 17, 2026",
Draw,"Flip an arc, keeping the reference point constant","Start dragging, then hold down F","Start dragging, then hold down SF",https://helpx.adobe.com/illustrator/using/default-keyboard-shortcuts.html,"Feb 17, 2026",
Draw,Add or subtract winds from a spiral while increasing the length of the spiral,"Start dragging, then Alt-drag",Start dragging then Option-drag,https://helpx.adobe.com/illustrator/using/default-keyboard-shortcuts.html,"Feb 17, 2026",
Draw,Change the decay rate of a spiral,Start dragging then Ctrl-drag,Start dragging then Command-drag,https://helpx.adobe.com/illustrator/using/default-keyboard-shortcuts.html,"Feb 17, 2026",
Draw,Add or remove horizontal lines from a rectangular grid or concentric lines from a polar grid,"Start dragging, then press the Up Arrow or Down Arrow","Start dragging, then press the Up Arrow or Down Arrow",https://helpx.adobe.com/illustrator/using/default-keyboard-shortcuts.html,"Feb 17, 2026",
Draw,Add or remove vertical lines from a rectangular grid or radial lines from a polar grid,"Start dragging, then press the Right Arrow or Left Arrow","Start dragging, then press the Right Arrow or Left Arrow",https://helpx.adobe.com/illustrator/using/default-keyboard-shortcuts.html,"Feb 17, 2026",
Draw,Decrease the skew value for horizontal dividers in a rectangular grid or radial dividers in a polar grid by 10%,"Start dragging, then press F","Start dragging, then press F",https://helpx.adobe.com/illustrator/using/default-keyboard-shortcuts.html,"Feb 17, 2026",
Draw,Increase the skew value for horizontal dividers in a rectangular grid or radial dividers in a polar grid by 10%,"Start dragging, then press V","Start dragging, then press V",https://helpx.adobe.com/illustrator/using/default-keyboard-shortcuts.html,"Feb 17, 2026",
Draw,Decrease the skew value for vertical dividers in a rectangular grid or concentric dividers in a polar grid by 10%,"Start dragging, then press X","Start dragging, then press X",https://helpx.adobe.com/illustrator/using/default-keyboard-shortcuts.html,"Feb 17, 2026",
Draw,Increase the skew value for vertical dividers in a rectangular grid or concentric dividers in a polar grid by 10%,"Start dragging, then press C","Start dragging, then press C",https://helpx.adobe.com/illustrator/using/default-keyboard-shortcuts.html,"Feb 17, 2026",
Draw,Increase size of Blob Brush,] (right square bracket),] (right square bracket),https://helpx.adobe.com/illustrator/using/default-keyboard-shortcuts.html,"Feb 17, 2026",
Draw,Decrease size of Blob Brush,[ (left square bracket),[ (left square bracket),https://helpx.adobe.com/illustrator/using/default-keyboard-shortcuts.html,"Feb 17, 2026",
Draw,Constrain Blob Brush path horizontally or vertically,Shift,Shift,https://helpx.adobe.com/illustrator/using/default-keyboard-shortcuts.html,"Feb 17, 2026",
Draw,Switch through drawing modes,Shift + D,Shift + D,https://helpx.adobe.com/illustrator/using/default-keyboard-shortcuts.html,"Feb 17, 2026",
Draw,Join two or more paths,"Select the paths, then press Ctrl + J","Select the paths, then press Command + J",https://helpx.adobe.com/illustrator/using/default-keyboard-shortcuts.html,"Feb 17, 2026",
Draw,Average two or more paths,"Select the paths, then press Alt + Ctrl + J","Select the paths, then press Option + Command + J",https://helpx.adobe.com/illustrator/using/default-keyboard-shortcuts.html,"Feb 17, 2026",
Draw,Create corner or smooth join,"Select the paths, then press Shift + Ctrl + Alt + J","Select the anchor point, then press Shift + Command + Option + J",https://helpx.adobe.com/illustrator/using/default-keyboard-shortcuts.html,"Feb 17, 2026",
Draw,Create a compound path,Ctrl + 8,Command + 8,https://helpx.adobe.com/illustrator/using/default-keyboard-shortcuts.html,"Feb 17, 2026",
Draw,Release a compound path,Alt + Shift + Ctrl + 8,Option + Shift + Command + 8,https://helpx.adobe.com/illustrator/using/default-keyboard-shortcuts.html,"Feb 17, 2026",
Draw,Edit a pattern,Shift + Ctrl + F8,Shift + Command +F8,https://helpx.adobe.com/illustrator/using/default-keyboard-shortcuts.html,"Feb 17, 2026",
Draw,Perspective Grid Tool,Shift + P,Shift + P,https://helpx.adobe.com/illustrator/using/default-keyboard-shortcuts.html,"Feb 17, 2026",
Draw,Perspective Selection Tool,Shift + V,Shift + V,https://helpx.adobe.com/illustrator/using/default-keyboard-shortcuts.html,"Feb 17, 2026",
Draw,Perspective Grid,Ctrl + Shift + I,Command + Shift + I,https://helpx.adobe.com/illustrator/using/default-keyboard-shortcuts.html,"Feb 17, 2026",
Draw,Moving objects perpendicularly,"Press the number 5 key, then click and drag the object","Press the number 5 key, then click and drag the object",https://helpx.adobe.com/illustrator/using/default-keyboard-shortcuts.html,"Feb 17, 2026",
Draw,Switching perspective planes,"Use the Perspective Selection tool and then press 1 for left grid, 2 for horizontal grid, 3 for right grid, or 4 for no active grid","Use the Perspective Selection tool and then press 1 for left grid, 2 for horizontal grid, 3 for right grid, or 4 for no active grid",https://helpx.adobe.com/illustrator/using/default-keyboard-shortcuts.html,"Feb 17, 2026",
Draw,Copying objects in perspective,Ctrl + Alt + drag,Command + Alt + drag,https://helpx.adobe.com/illustrator/using/default-keyboard-shortcuts.html,"Feb 17, 2026",
Draw,Repeat transforming objects in perspective,Ctrl + D,Command + D,https://helpx.adobe.com/illustrator/using/default-keyboard-shortcuts.html,"Feb 17, 2026",
Draw,Switching between drawing modes,Shift + D,Shift + D,https://helpx.adobe.com/illustrator/using/default-keyboard-shortcuts.html,"Feb 17, 2026",
Edit shapes,Switch Pen tool to Convert Anchor Point tool,Alt,Option,https://helpx.adobe.com/illustrator/using/default-keyboard-shortcuts.html,"Feb 17, 2026",
Edit shapes,Switch between Add Anchor Point tool and Delete Anchor Point tool,Alt,Option,https://helpx.adobe.com/illustrator/using/default-keyboard-shortcuts.html,"Feb 17, 2026",
Edit shapes,Switch Scissors tool to Add Anchor Point tool,Alt,Option,https://helpx.adobe.com/illustrator/using/default-keyboard-shortcuts.html,"Feb 17, 2026",
Edit shapes,Switch Pencil tool to Smooth tool,Alt (Enable Alt key toggles to Smooth Tool from Pencil Tool Options),Option (Enable Option key toggles to Smooth Tool from Pencil Tool Options),https://helpx.adobe.com/illustrator/using/default-keyboard-shortcuts.html,"Feb 17, 2026",
Edit shapes,Move current anchor point while drawing with Pen tool,Spacebar-drag,Spacebar-drag,https://helpx.adobe.com/illustrator/using/default-keyboard-shortcuts.html,"Feb 17, 2026",
Edit shapes,Cut a straight line with Knife tool,Alt-drag,Option-drag,https://helpx.adobe.com/illustrator/using/default-keyboard-shortcuts.html,"Feb 17, 2026",
Edit shapes,Cut at 45° or 90° with Knife tool,Shift + Alt-drag,Shift + Option-drag,https://helpx.adobe.com/illustrator/using/default-keyboard-shortcuts.html,"Feb 17, 2026",
Edit shapes,Use shape mode buttons in Pathfinder panel to create compound paths,Alt + Shape mode,Option + Shape mode,https://helpx.adobe.com/illustrator/using/default-keyboard-shortcuts.html,"Feb 17, 2026",
Edit shapes,Erase unwanted closed regions created using Shape Builder tool,Alt + click the closed region,Option + click the closed region,https://helpx.adobe.com/illustrator/using/default-keyboard-shortcuts.html,"Feb 17, 2026",
Edit shapes,Select the Shape Builder tool,Shift + M,Shift + M,https://helpx.adobe.com/illustrator/using/default-keyboard-shortcuts.html,"Feb 17, 2026",
Edit shapes,Display rectangular marquee to easily merge multiple paths (when using Shape Builder tool),Shift + click + drag,Shift + click + drag,https://helpx.adobe.com/illustrator/using/default-keyboard-shortcuts.html,"Feb 17, 2026",
Edit shapes,Increase the intensity of symbols (when using Symbolism tool),Shift + },Shift + },https://helpx.adobe.com/illustrator/using/default-keyboard-shortcuts.html,"Feb 17, 2026",
Edit shapes,Decrease the intensity of symbols (when using Symbolism tool),Shift + {,Shift + {,https://helpx.adobe.com/illustrator/using/default-keyboard-shortcuts.html,"Feb 17, 2026",
Edit shapes,Blend objects,Alt + Ctrl + B,Option + Command + B,https://helpx.adobe.com/illustrator/using/default-keyboard-shortcuts.html,"Feb 17, 2026",
Edit shapes,Finish adding objects to the blend,Alt + Shift + Ctrl + B,Option + Shift + Command + B,https://helpx.adobe.com/illustrator/using/default-keyboard-shortcuts.html,"Feb 17, 2026",
Edit shapes,Distort objects using a warp-shaped envelope,Alt + Ctrl + Shift + W,Option + Command + Shift + W,https://helpx.adobe.com/illustrator/using/default-keyboard-shortcuts.html,"Feb 17, 2026",
Edit shapes,Distort objects using a mesh as the shape of the envelope,Alt + Ctrl + M,Option + Command + M,https://helpx.adobe.com/illustrator/using/default-keyboard-shortcuts.html,"Feb 17, 2026",
Edit shapes,Distort objects using another object as the shape of the envelope,Alt + Ctrl + C,Option + Command + C,https://helpx.adobe.com/illustrator/using/default-keyboard-shortcuts.html,"Feb 17, 2026",
Edit shapes,Result,Windows,macOS,https://helpx.adobe.com/illustrator/using/default-keyboard-shortcuts.html,"Feb 17, 2026",
Edit shapes,Toggle between fill and stroke,X,X,https://helpx.adobe.com/illustrator/using/default-keyboard-shortcuts.html,"Feb 17, 2026",
Edit shapes,Set fill and stroke to default,D,D,https://helpx.adobe.com/illustrator/using/default-keyboard-shortcuts.html,"Feb 17, 2026",
Edit shapes,Swap fill and stroke,Shift + X,Shift + X,https://helpx.adobe.com/illustrator/using/default-keyboard-shortcuts.html,"Feb 17, 2026",
Edit shapes,Select gradient fill mode,>,>,https://helpx.adobe.com/illustrator/using/default-keyboard-shortcuts.html,"Feb 17, 2026",
Edit shapes,Hide gradient annotator (when using the Gradient tool),Alt + Ctrl + G,Option + Command + G,https://helpx.adobe.com/illustrator/using/default-keyboard-shortcuts.html,"Feb 17, 2026",
Edit shapes,Select color fill mode,<,<,https://helpx.adobe.com/illustrator/using/default-keyboard-shortcuts.html,"Feb 17, 2026",
Edit shapes,Select no stroke/fill mode,/ (forward slash),/ (forward slash),https://helpx.adobe.com/illustrator/using/default-keyboard-shortcuts.html,"Feb 17, 2026",
Edit shapes,Sample color from an image or intermediate color from gradient,Shift + Eyedropper tool,Shift + Eyedropper tool,https://helpx.adobe.com/illustrator/using/default-keyboard-shortcuts.html,"Feb 17, 2026",
Edit shapes,Sample style and append appearance of currently selected item,Alt + Shift-click + Eyedropper tool,Option + Shift-click + Eyedropper tool,https://helpx.adobe.com/illustrator/using/default-keyboard-shortcuts.html,"Feb 17, 2026",
Edit shapes,Add new fill,Ctrl + / (forward slash),Command + / (forward slash),https://helpx.adobe.com/illustrator/using/default-keyboard-shortcuts.html,"Feb 17, 2026",
Edit shapes,Add new stroke,Ctrl + Alt + / (forward slash),Command + Option + / (forward slash),https://helpx.adobe.com/illustrator/using/default-keyboard-shortcuts.html,"Feb 17, 2026",
Edit shapes,Reset gradient to black and white,Ctrl-click gradient button in Tools panel or Gradient panel,Command-click gradient button in Tools panel or Gradient panel,https://helpx.adobe.com/illustrator/using/default-keyboard-shortcuts.html,"Feb 17, 2026",
Edit shapes,Make Live Paint (when using the Paint Bucket tool),Alt + Ctrl + X,Option + Command + X,https://helpx.adobe.com/illustrator/using/default-keyboard-shortcuts.html,"Feb 17, 2026",
Edit shapes,Decrease Bristle brush size,[,[,https://helpx.adobe.com/illustrator/using/default-keyboard-shortcuts.html,"Feb 17, 2026",
Edit shapes,Increase Bristle brush size,],],https://helpx.adobe.com/illustrator/using/default-keyboard-shortcuts.html,"Feb 17, 2026",
Work with Live Paint groups,Switch to Eyedropper tool and sample fill and/or stroke,Alt-click + Live Paint Bucket tool,Option-click + Live Paint Bucket tool,https://helpx.adobe.com/illustrator/using/default-keyboard-shortcuts.html,"Feb 17, 2026",
Work with Live Paint groups,Switch to Eyedropper tool and sample color from an image or intermediate color from a gradient,Alt + Shift-click + Live Paint Bucket tool,Option + Shift-click + Live Paint Bucket tool,https://helpx.adobe.com/illustrator/using/default-keyboard-shortcuts.html,"Feb 17, 2026",
Work with Live Paint groups,"Select opposite Live Paint Bucket tool options (if Paint Fills and Paint Strokes are currently selected, switch to Paint Fills only)",Shift + Live Paint Bucket tool,Shift + Live Paint Bucket tool,https://helpx.adobe.com/illustrator/using/default-keyboard-shortcuts.html,"Feb 17, 2026",
Work with Live Paint groups,Fill across unstroked edges into adjacent faces,Double-click + Live Paint Bucket tool,Double-click + Live Paint Bucket tool,https://helpx.adobe.com/illustrator/using/default-keyboard-shortcuts.html,"Feb 17, 2026",
Work with Live Paint groups,Fill all faces that have same fill and stroke all edges that have same stroke,Triple-click + Live Paint Bucket tool,Triple-click + Live Paint Bucket tool,https://helpx.adobe.com/illustrator/using/default-keyboard-shortcuts.html,"Feb 17, 2026",
Work with Live Paint groups,Switch to Eyedropper tool and sample fill and/or stroke,Alt-click + Live Paint Selection tool,Option-click + Live Paint Selection tool,https://helpx.adobe.com/illustrator/using/default-keyboard-shortcuts.html,"Feb 17, 2026",
Work with Live Paint groups,Switch to Eyedropper tool and sample color from an image or intermediate color from a gradient,Alt + Shift-click + Live Paint Selection tool,Option + Shift-click + Live Paint Selection tool,https://helpx.adobe.com/illustrator/using/default-keyboard-shortcuts.html,"Feb 17, 2026",
Work with Live Paint groups,Add to/subtract from a selection,Shift-click + Live Paint Selection tool,Shift-click + Live Paint Selection tool,https://helpx.adobe.com/illustrator/using/default-keyboard-shortcuts.html,"Feb 17, 2026",
Work with Live Paint groups,Select all connected faces /edges with same fill/stroke,Double-click + Live Paint Selection tool,Double-click + Live Paint Selection tool,https://helpx.adobe.com/illustrator/using/default-keyboard-shortcuts.html,"Feb 17, 2026",
Work with Live Paint groups,Select all faces/edges with same fill/stroke,Triple-click + Live Paint Selection tool,Triple-click + Live Paint Selection tool,https://helpx.adobe.com/illustrator/using/default-keyboard-shortcuts.html,"Feb 17, 2026",
Work with objects,"Set origin point and open dialog box when using Rotate tool, Scale tool, Reflect tool, or Shear tool",Alt-click,Option-click,https://helpx.adobe.com/illustrator/using/default-keyboard-shortcuts.html,"Feb 17, 2026",
Work with objects,"Duplicate and transform selection when using Selection tool, Scale tool, Reflect tool, or Shear tool",Alt-drag,Option-drag,https://helpx.adobe.com/illustrator/using/default-keyboard-shortcuts.html,"Feb 17, 2026",
Work with objects,"Transform pattern (independent of object) when using Selection tool, Scale tool, Reflect tool, or Shear tool",Backquote (`)-drag,Backquote (`)-drag,https://helpx.adobe.com/illustrator/using/default-keyboard-shortcuts.html,"Feb 17, 2026",
Work with objects,Reapply a transformation to an object,Ctrl + D,Command + D,https://helpx.adobe.com/illustrator/using/default-keyboard-shortcuts.html,"Feb 17, 2026",
Work with objects,Apply last pathfinder effect to the selected object,Ctrl + 4,Command + 4,https://helpx.adobe.com/illustrator/using/default-keyboard-shortcuts.html,"Feb 17, 2026",
Work with objects,Move an object,Shift + Ctrl + M,Shift + Command + M,https://helpx.adobe.com/illustrator/using/default-keyboard-shortcuts.html,"Feb 17, 2026",
Work with objects,Open the Transform Each dialog box,Alt + Shift + Ctrl + D,Option + Shift + Command + D,https://helpx.adobe.com/illustrator/using/default-keyboard-shortcuts.html,"Feb 17, 2026",
Work with objects,Make a clipping mask,Ctrl + 7,Command + 7,https://helpx.adobe.com/illustrator/using/default-keyboard-shortcuts.html,"Feb 17, 2026",
Work with objects,Release a clipping mask,Alt + Ctrl + 7,Option + Command + 7,https://helpx.adobe.com/illustrator/using/default-keyboard-shortcuts.html,"Feb 17, 2026",
Work with objects,Toggle between fill and stroke,X,X,https://helpx.adobe.com/illustrator/using/default-keyboard-shortcuts.html,"Feb 17, 2026",
Work with objects,Set fill and stroke to default,D,D,https://helpx.adobe.com/illustrator/using/default-keyboard-shortcuts.html,"Feb 17, 2026",
Work with objects,Swap fill and stroke,Shift + X,Shift + X,https://helpx.adobe.com/illustrator/using/default-keyboard-shortcuts.html,"Feb 17, 2026",
Work with objects,Select gradient fill mode,>,>,https://helpx.adobe.com/illustrator/using/default-keyboard-shortcuts.html,"Feb 17, 2026",
Work with objects,Hide gradient annotator (when using the Gradient tool),Alt + Ctrl + G,Option + Command + G,https://helpx.adobe.com/illustrator/using/default-keyboard-shortcuts.html,"Feb 17, 2026",
Work with objects,Select color fill mode,<,<,https://helpx.adobe.com/illustrator/using/default-keyboard-shortcuts.html,"Feb 17, 2026",
Work with objects,Select no stroke/fill mode,/ (forward slash),/ (forward slash),https://helpx.adobe.com/illustrator/using/default-keyboard-shortcuts.html,"Feb 17, 2026",
Work with objects,Sample color from an image or intermediate color from gradient,Shift + Eyedropper tool,Shift + Eyedropper tool,https://helpx.adobe.com/illustrator/using/default-keyboard-shortcuts.html,"Feb 17, 2026",
Work with objects,Sample style and append appearance of currently selected item,Alt + Shift-click + Eyedropper tool,Option + Shift-click + Eyedropper tool,https://helpx.adobe.com/illustrator/using/default-keyboard-shortcuts.html,"Feb 17, 2026",
Work with objects,Add new fill,Ctrl + / (forward slash),Command + / (forward slash),https://helpx.adobe.com/illustrator/using/default-keyboard-shortcuts.html,"Feb 17, 2026",
Work with objects,Add new stroke,Ctrl + Alt + / (forward slash),Command + Option + / (forward slash),https://helpx.adobe.com/illustrator/using/default-keyboard-shortcuts.html,"Feb 17, 2026",
Work with objects,Reset gradient to black and white,Ctrl-click gradient button in Tools panel or Gradient panel,Command-click gradient button in Tools panel or Gradient panel,https://helpx.adobe.com/illustrator/using/default-keyboard-shortcuts.html,"Feb 17, 2026",
Work with objects,Make Live Paint (when using the Paint Bucket tool),Alt + Ctrl + X,Option + Command + X,https://helpx.adobe.com/illustrator/using/default-keyboard-shortcuts.html,"Feb 17, 2026",
Work with objects,Decrease Bristle brush size,[,[,https://helpx.adobe.com/illustrator/using/default-keyboard-shortcuts.html,"Feb 17, 2026",
Work with objects,Increase Bristle brush size,],],https://helpx.adobe.com/illustrator/using/default-keyboard-shortcuts.html,"Feb 17, 2026",
Create variable width points,Select multiple width points,Shift+click,Shift+click,https://helpx.adobe.com/illustrator/using/default-keyboard-shortcuts.html,"Feb 17, 2026",
Create variable width points,Create non-uniform widths,Alt+drag,Option+drag,https://helpx.adobe.com/illustrator/using/default-keyboard-shortcuts.html,"Feb 17, 2026",
Create variable width points,Create a copy of the width point,Alt+drag the width point,Options+drag the width point,https://helpx.adobe.com/illustrator/using/default-keyboard-shortcuts.html,"Feb 17, 2026",
Create variable width points,Change the position of multiple width points,Shift+drag,Shift+drag,https://helpx.adobe.com/illustrator/using/default-keyboard-shortcuts.html,"Feb 17, 2026",
Create variable width points,Delete selected width point,Delete,Delete,https://helpx.adobe.com/illustrator/using/default-keyboard-shortcuts.html,"Feb 17, 2026",
Create variable width points,Deselect a width point,Esc,Esc,https://helpx.adobe.com/illustrator/using/default-keyboard-shortcuts.html,"Feb 17, 2026",
Work with type,Bold,Shift + Ctrl + B,Shift + Command + B,https://helpx.adobe.com/illustrator/using/default-keyboard-shortcuts.html,"Feb 17, 2026",
Work with type,Italic,Shift + Ctrl + I,Shift + Command + I,https://helpx.adobe.com/illustrator/using/default-keyboard-shortcuts.html,"Feb 17, 2026",
Work with type,Underline,Shift + Ctrl + U,Shift + Command + U,https://helpx.adobe.com/illustrator/using/default-keyboard-shortcuts.html,"Feb 17, 2026",
Work with type,Move one character right or left,Right Arrow or Left Arrow,Right Arrow or Left Arrow,https://helpx.adobe.com/illustrator/using/default-keyboard-shortcuts.html,"Feb 17, 2026",
Work with type,Move up or down one line,Up Arrow or Down Arrow,Up Arrow or Down Arrow,https://helpx.adobe.com/illustrator/using/default-keyboard-shortcuts.html,"Feb 17, 2026",
Work with type,Move one word right or left,Ctrl + Right Arrow or Left Arrow,Command + Right Arrow or Left Arrow,https://helpx.adobe.com/illustrator/using/default-keyboard-shortcuts.html,"Feb 17, 2026",
Work with type,Move up or down one paragraph,Ctrl + Up Arrow or Down Arrow,Command + Up Arrow or Down Arrow,https://helpx.adobe.com/illustrator/using/default-keyboard-shortcuts.html,"Feb 17, 2026",
Work with type,Select one word right or left,Shift + Ctrl + Right Arrow or Left Arrow,Shift + Command + Right Arrow or Left Arrow,https://helpx.adobe.com/illustrator/using/default-keyboard-shortcuts.html,"Feb 17, 2026",
Work with type,Select one paragraph before or after,Shift + Ctrl + Up Arrow or Down Arrow,Shift + Command + Up Arrow or Down Arrow,https://helpx.adobe.com/illustrator/using/default-keyboard-shortcuts.html,"Feb 17, 2026",
Work with type,Extend existing selection,Shift-click,Shift-click,https://helpx.adobe.com/illustrator/using/default-keyboard-shortcuts.html,"Feb 17, 2026",
Work with type,"Align paragraph left, right, or center","Ctrl + Shift + L, R, or C","Command + Shift + L, R, or C",https://helpx.adobe.com/illustrator/using/default-keyboard-shortcuts.html,"Feb 17, 2026",
Work with type,Justify text left,Ctrl + Shift + J,Command + Shift + J,https://helpx.adobe.com/illustrator/using/default-keyboard-shortcuts.html,"Feb 17, 2026",
Work with type,Justify all lines,Shift + Ctrl + F,Shift + Command + F,https://helpx.adobe.com/illustrator/using/default-keyboard-shortcuts.html,"Feb 17, 2026",
Work with type,Toggle line composer,Alt + Shift + Ctrl + C,Option + Shift + Command +,https://helpx.adobe.com/illustrator/using/default-keyboard-shortcuts.html,"Feb 17, 2026",
Work with type,Insert soft return,Shift + Enter,Shift + Return,https://helpx.adobe.com/illustrator/using/default-keyboard-shortcuts.html,"Feb 17, 2026",
Work with type,Highlight kerning,Ctrl + Alt + K,Command + Option + K,https://helpx.adobe.com/illustrator/using/default-keyboard-shortcuts.html,"Feb 17, 2026",
Work with type,Reset horizontal scale to 100%,Ctrl + Shift + X,Command + Shift + X,https://helpx.adobe.com/illustrator/using/default-keyboard-shortcuts.html,"Feb 17, 2026",
Work with type,Increase or decrease font size,"Ctrl + Shift + . or ,","Command + Shift + . or ,",https://helpx.adobe.com/illustrator/using/default-keyboard-shortcuts.html,"Feb 17, 2026",
Work with type,Increase or decrease font size by steps,"Alt + Ctrl + Shift + . or ,","Option + Command +Shift + . or ,",https://helpx.adobe.com/illustrator/using/default-keyboard-shortcuts.html,"Feb 17, 2026",
Work with type,Increase or decrease leading,Alt + Up or Down Arrow (horizontal text) or Right or Left Arrow (vertical text),Option + Up or Down Arrow (horizontal text) or Right or Left Arrow (vertical text),https://helpx.adobe.com/illustrator/using/default-keyboard-shortcuts.html,"Feb 17, 2026",
Work with type,Select tracking value,Alt + Ctrl + K,Option + Command + K,https://helpx.adobe.com/illustrator/using/default-keyboard-shortcuts.html,"Feb 17, 2026",
Work with type,Reset tracking/kerning to 0,Ctrl + Alt + Q,Command + Option + Q,https://helpx.adobe.com/illustrator/using/default-keyboard-shortcuts.html,"Feb 17, 2026",
Work with type,Increase or decrease kerning and tracking,Alt + Right or Left Arrow (horizontal text) or Up or Down Arrow (vertical text),Option + Right or Left Arrow (horizontal text) or Up or Down Arrow (vertical text),https://helpx.adobe.com/illustrator/using/default-keyboard-shortcuts.html,"Feb 17, 2026",
Work with type,Increase or decrease kerning and tracking by five times,Ctrl + Alt + Right or Left Arrow (horizontal text) or Up or Down Arrow (vertical text),Command + Option + Right or Left Arrow (horizontal text) or Up or Down Arrow (vertical text),https://helpx.adobe.com/illustrator/using/default-keyboard-shortcuts.html,"Feb 17, 2026",
Work with type,Increase or decrease baseline shift,Alt + Shift + Up or Down Arrow (horizontal text) or Right or Left Arrow (vertical text),Option + Shift + Up or Down Arrow (horizontal text) or Right or Left Arrow (vertical text),https://helpx.adobe.com/illustrator/using/default-keyboard-shortcuts.html,"Feb 17, 2026",
Work with type,"Switch between Type and Vertical Type, Area Type and Vertical Area Type, and Path Type and Vertical Path Type tools",Shift,Shift,https://helpx.adobe.com/illustrator/using/default-keyboard-shortcuts.html,"Feb 17, 2026",
Work with type,"Switch between Area Type and Path Type, Vertical Area Type and Vertical Path Type tools",Alt,Option,https://helpx.adobe.com/illustrator/using/default-keyboard-shortcuts.html,"Feb 17, 2026",
Work with type,Create outlines,Shift + Ctrl + O,Shift + Command + O,https://helpx.adobe.com/illustrator/using/default-keyboard-shortcuts.html,"Feb 17, 2026",
Work with type,Open the Character panel,Ctrl + T,Command + T,https://helpx.adobe.com/illustrator/using/default-keyboard-shortcuts.html,"Feb 17, 2026",
Work with type,Open the Paragraph panel,Alt + Ctrl + T,Option + Command + T,https://helpx.adobe.com/illustrator/using/default-keyboard-shortcuts.html,"Feb 17, 2026",
Work with type,Open the Tabs panel,Shift + Ctrl + T,Shift + Command + T,https://helpx.adobe.com/illustrator/using/default-keyboard-shortcuts.html,"Feb 17, 2026",
Work with type,Open the OpenType panel,Alt + Shift + Ctrl + T,Option + Shift + Command + T,https://helpx.adobe.com/illustrator/using/default-keyboard-shortcuts.html,"Feb 17, 2026",
Work with type,Insert bullets,Alt + 8,Option + 8,https://helpx.adobe.com/illustrator/using/default-keyboard-shortcuts.html,"Feb 17, 2026",
Work with type,Insert copyright symbol,Alt + G,Option + G,https://helpx.adobe.com/illustrator/using/default-keyboard-shortcuts.html,"Feb 17, 2026",
Work with type,Insert ellipsis,Alt + ;,Option + ;,https://helpx.adobe.com/illustrator/using/default-keyboard-shortcuts.html,"Feb 17, 2026",
Work with type,Insert paragraph symbol,Alt + 7,Option + 7,https://helpx.adobe.com/illustrator/using/default-keyboard-shortcuts.html,"Feb 17, 2026",
Work with type,Insert section symbol,Alt + 6,Option + 6,https://helpx.adobe.com/illustrator/using/default-keyboard-shortcuts.html,"Feb 17, 2026",
Work with type,Insert trademark symbol,Alt + 2,Option + 2,https://helpx.adobe.com/illustrator/using/default-keyboard-shortcuts.html,"Feb 17, 2026",
Work with type,Insert registered trademark symbol,Alt + R,Option + R,https://helpx.adobe.com/illustrator/using/default-keyboard-shortcuts.html,"Feb 17, 2026",
Work with type,Superscript,Shift + Ctrl + =,Shift + Command + =,https://helpx.adobe.com/illustrator/using/default-keyboard-shortcuts.html,"Feb 17, 2026",
Work with type,Subscript,Alt + Shift + Ctrl + =,Alt + Shift + Ctrl + =,https://helpx.adobe.com/illustrator/using/default-keyboard-shortcuts.html,"Feb 17, 2026",
Work with type,Insert em dash,Alt + Shift + -,Option + Shift + -,https://helpx.adobe.com/illustrator/using/default-keyboard-shortcuts.html,"Feb 17, 2026",
Work with type,Insert en dash,Alt + -,Option + -,https://helpx.adobe.com/illustrator/using/default-keyboard-shortcuts.html,"Feb 17, 2026",
Work with type,Insert discretionary hyphen,Shift + Ctrl + -,Shift + Command + -,https://helpx.adobe.com/illustrator/using/default-keyboard-shortcuts.html,"Feb 17, 2026",
Work with type,Toggle auto-hyphenation,Alt + Shift + Ctrl + H,Option + Shift + Command + H,https://helpx.adobe.com/illustrator/using/default-keyboard-shortcuts.html,"Feb 17, 2026",
Work with type,Insert double left quotation marks,Alt + [,Option + [,https://helpx.adobe.com/illustrator/using/default-keyboard-shortcuts.html,"Feb 17, 2026",
Work with type,Insert double right quotation marks,Alt + Shift + [,Option + Shift + [,https://helpx.adobe.com/illustrator/using/default-keyboard-shortcuts.html,"Feb 17, 2026",
Work with type,Insert single left quotation marks,Alt + ],Option + ],https://helpx.adobe.com/illustrator/using/default-keyboard-shortcuts.html,"Feb 17, 2026",
Work with type,Insert single right quotation marks,Alt + Shift + ],Option + Shift + ],https://helpx.adobe.com/illustrator/using/default-keyboard-shortcuts.html,"Feb 17, 2026",
Work with type,Insert em space,Shift + Ctrl + M,Shift + Command + M,https://helpx.adobe.com/illustrator/using/default-keyboard-shortcuts.html,"Feb 17, 2026",
Work with type,Insert en space,Shift + Ctrl + N,Shift + Command + N,https://helpx.adobe.com/illustrator/using/default-keyboard-shortcuts.html,"Feb 17, 2026",
Work with type,Insert thin space,Alt + Shift + Ctrl + M,Option + Shift + Command + M,https://helpx.adobe.com/illustrator/using/default-keyboard-shortcuts.html,"Feb 17, 2026",
Work with type,Show hidden characters,Alt + Ctrl + I,Option + Command + I,https://helpx.adobe.com/illustrator/using/default-keyboard-shortcuts.html,"Feb 17, 2026",
Use panels,"Set options (except for Actions, Brushes, Swatches, and Symbols panels)",Alt-click New button,Option-click New button,https://helpx.adobe.com/illustrator/using/default-keyboard-shortcuts.html,"Feb 17, 2026",
Use panels,Switch units of measurement,Alt + Shift + Ctrl + U,Option + Shift + Command + U,https://helpx.adobe.com/illustrator/using/default-keyboard-shortcuts.html,"Feb 17, 2026",
Use panels,Delete without confirmation (except for Layers panel),Alt-click Delete button,Option-click Delete button,https://helpx.adobe.com/illustrator/using/default-keyboard-shortcuts.html,"Feb 17, 2026",
Use panels,Apply value and keep text box active,Shift + Enter,Shift + Return,https://helpx.adobe.com/illustrator/using/default-keyboard-shortcuts.html,"Feb 17, 2026",
Use panels,"Select range of actions, brushes, layers, links, styles, or swatches",Shift-click,Shift-click,https://helpx.adobe.com/illustrator/using/default-keyboard-shortcuts.html,"Feb 17, 2026",
Use panels,"Select noncontiguous actions, brushes, layers (same level only), links, styles, or swatches",Ctrl-click,Command-click,https://helpx.adobe.com/illustrator/using/default-keyboard-shortcuts.html,"Feb 17, 2026",
Use panels,Show/Hide all panels,Tab,Tab,https://helpx.adobe.com/illustrator/using/default-keyboard-shortcuts.html,"Feb 17, 2026",
Use panels,Show/Hide all panels except the Tools panel and Control panel,Shift + Tab,Shift + Tab,https://helpx.adobe.com/illustrator/using/default-keyboard-shortcuts.html,"Feb 17, 2026",
Use panels,Increase/ decrease values in logical fractions of the measurement unit,Ctrl + Up or Down Arrow,Command + Up or Down Arrow,https://helpx.adobe.com/illustrator/using/default-keyboard-shortcuts.html,"Feb 17, 2026",
Use panels,Increase/ decrease measurement unit by 10x,Shift + Up or Down Arrow,Shift + Up or Down Arrow,https://helpx.adobe.com/illustrator/using/default-keyboard-shortcuts.html,"Feb 17, 2026",
Actions panel,Expand/Collapse entire hierarchy for action set,Alt-click expansion triangle,Option-click expansion triangle,https://helpx.adobe.com/illustrator/using/default-keyboard-shortcuts.html,"Feb 17, 2026",
Actions panel,Set options for action set,Double-click folder icon,Double-click folder icon,https://helpx.adobe.com/illustrator/using/default-keyboard-shortcuts.html,"Feb 17, 2026",
Actions panel,Play a single command,Ctrl-click Play Current Selection button,Command-click Play Current Selection button,https://helpx.adobe.com/illustrator/using/default-keyboard-shortcuts.html,"Feb 17, 2026",
Actions panel,Begin recording actions without confirmation,Alt-click New Action button,Option-click New Action button,https://helpx.adobe.com/illustrator/using/default-keyboard-shortcuts.html,"Feb 17, 2026",
Brushes panel,Open Brush Options dialog box,Double-click brush,Double-click brush,https://helpx.adobe.com/illustrator/using/default-keyboard-shortcuts.html,"Feb 17, 2026",
Brushes panel,Duplicate brush,Drag brush to New Brush button,Drag brush to New Brush button,https://helpx.adobe.com/illustrator/using/default-keyboard-shortcuts.html,"Feb 17, 2026",
Character and Paragraph panels,Open the Character panel,Ctrl + T,Command + T,https://helpx.adobe.com/illustrator/using/default-keyboard-shortcuts.html,"Feb 17, 2026",
Character and Paragraph panels,Open the Paragraph panel,Alt + Ctrl + T,Option + Command + T,https://helpx.adobe.com/illustrator/using/default-keyboard-shortcuts.html,"Feb 17, 2026",
Character and Paragraph panels,Increase/decrease the selected value by a small increment,Up Arrow or Down Arrow,Up Arrow or Down Arrow,https://helpx.adobe.com/illustrator/using/default-keyboard-shortcuts.html,"Feb 17, 2026",
Character and Paragraph panels,Increase/decreases the selected value by a large increment,Shift + Up Arrow or Down Arrow,Shift + Up Arrow or Down Arrow,https://helpx.adobe.com/illustrator/using/default-keyboard-shortcuts.html,"Feb 17, 2026",
Character and Paragraph panels,Increase/decrease the selected value by a fraction,Ctrl + Up or Down Arrow,Command + Up or Down Arrow,https://helpx.adobe.com/illustrator/using/default-keyboard-shortcuts.html,"Feb 17, 2026",
Character and Paragraph panels,Highlight the font name field in the Character panel,Ctrl + Alt + Shift + F,Command + Option + Shift + F,https://helpx.adobe.com/illustrator/using/default-keyboard-shortcuts.html,"Feb 17, 2026",
Color panel,Select the complement for the current color fill/stroke,Ctrl-click color bar,Command-click color bar,https://helpx.adobe.com/illustrator/using/default-keyboard-shortcuts.html,"Feb 17, 2026",
Color panel,Change the nonactive fill/stroke,Alt-click color bar,Option-click color bar,https://helpx.adobe.com/illustrator/using/default-keyboard-shortcuts.html,"Feb 17, 2026",
Color panel,Select the complement for the nonactive fill/stroke,Ctrl + Alt-click color bar,Command + Option-click color bar,https://helpx.adobe.com/illustrator/using/default-keyboard-shortcuts.html,"Feb 17, 2026",
Color panel,Select the inverse for the current fill/stroke,Ctrl + Shift-click color bar,Command + Shift-click color bar,https://helpx.adobe.com/illustrator/using/default-keyboard-shortcuts.html,"Feb 17, 2026",
Color panel,Select the inverse for the nonactive fill/stroke,Ctrl + Shift + Alt-click color bar,Command + Shift + Option-click color bar,https://helpx.adobe.com/illustrator/using/default-keyboard-shortcuts.html,"Feb 17, 2026",
Color panel,Open Color Guide,Shift + F3,Shift + F3,https://helpx.adobe.com/illustrator/using/default-keyboard-shortcuts.html,"Feb 17, 2026",
Color panel,Change the color mode,Shift-click color bar,Shift-click color bar,https://helpx.adobe.com/illustrator/using/default-keyboard-shortcuts.html,"Feb 17, 2026",
Color panel,Move color sliders in tandem,Shift-drag color slider,Shift-drag color slider,https://helpx.adobe.com/illustrator/using/default-keyboard-shortcuts.html,"Feb 17, 2026",
Color panel,Switch between percentage and 0-255 values for RGB,Double-click to right of a numerical field,Double-click to right of a numerical field,https://helpx.adobe.com/illustrator/using/default-keyboard-shortcuts.html,"Feb 17, 2026",
Gradient panel,Duplicate color stops,Alt-drag,Option-drag,https://helpx.adobe.com/illustrator/using/default-keyboard-shortcuts.html,"Feb 17, 2026",
Gradient panel,Swap color stops,Alt-drag color stop onto another stop,Option-drag color stop onto another color stop,https://helpx.adobe.com/illustrator/using/default-keyboard-shortcuts.html,"Feb 17, 2026",
Gradient panel,Apply swatch color to active (or selected) color stop,Alt-click swatch in the Swatches panel,Option-click swatch in the Swatches panel,https://helpx.adobe.com/illustrator/using/default-keyboard-shortcuts.html,"Feb 17, 2026",
Gradient panel,Reset the gradient fill to default black and white linear gradient,Ctrl-click Gradient Fill box in the Gradient panel,Command-click Gradient Fill box in the Gradient panel,https://helpx.adobe.com/illustrator/using/default-keyboard-shortcuts.html,"Feb 17, 2026",
Gradient panel,Show/Hide gradient arrow,Ctrl + Alt + G,Command + Option + G,https://helpx.adobe.com/illustrator/using/default-keyboard-shortcuts.html,"Feb 17, 2026",
Gradient panel,Modify angle and end-point together,Alt-drag end point of gradient annotator,Option-drag end point of gradient annotator,https://helpx.adobe.com/illustrator/using/default-keyboard-shortcuts.html,"Feb 17, 2026",
Gradient panel,Constrain Gradient tool or Gradient annotator while dragging,Shift-drag,Shift-drag,https://helpx.adobe.com/illustrator/using/default-keyboard-shortcuts.html,"Feb 17, 2026",
Gradient panel,View Gradient annotator in selected gradient filled object,G,G,https://helpx.adobe.com/illustrator/using/default-keyboard-shortcuts.html,"Feb 17, 2026",
Layers panel,Add a layer,Ctrl + L,Command + L,https://helpx.adobe.com/illustrator/using/default-keyboard-shortcuts.html,"Feb 17, 2026",
Layers panel,Add a layer while opening the New Layer dialog box,Alt + Ctrl + L,Option + Command + L,https://helpx.adobe.com/illustrator/using/default-keyboard-shortcuts.html,"Feb 17, 2026",
Layers panel,Select all objects on the layer,Alt-click layer name,Option-click layer name,https://helpx.adobe.com/illustrator/using/default-keyboard-shortcuts.html,"Feb 17, 2026",
Layers panel,Show/hide all layers but the selected one,Alt-click eye icon,Option-click eye icon,https://helpx.adobe.com/illustrator/using/default-keyboard-shortcuts.html,"Feb 17, 2026",
Layers panel,Select Outline/Preview view for the selected layer,Ctrl-click eye icon,Command-click eye icon,https://helpx.adobe.com/illustrator/using/default-keyboard-shortcuts.html,"Feb 17, 2026",
Layers panel,Selects Outline/Preview view for all other layers,Ctrl + Alt-click eye icon,Command + Option-click eye icon,https://helpx.adobe.com/illustrator/using/default-keyboard-shortcuts.html,"Feb 17, 2026",
Layers panel,Lock/unlock all other layers,Alt-click lock icon,Option-click lock icon,https://helpx.adobe.com/illustrator/using/default-keyboard-shortcuts.html,"Feb 17, 2026",
Layers panel,Expand all sublayers to display entire hierarchy,Alt-click expansion triangle,Option-click expansion triangle,https://helpx.adobe.com/illustrator/using/default-keyboard-shortcuts.html,"Feb 17, 2026",
Layers panel,Set options as you create new layer,Alt-click New Layer button,Option-click New Layer button,https://helpx.adobe.com/illustrator/using/default-keyboard-shortcuts.html,"Feb 17, 2026",
Layers panel,Set options as you create new sublayer,Alt-click New Sublayer button,Option-click New Sublayer button,https://helpx.adobe.com/illustrator/using/default-keyboard-shortcuts.html,"Feb 17, 2026",
Layers panel,Place new sublayer at bottom of layer list,Ctrl + Alt-click New Sublayer button,Command + Option-click New Sublayer button,https://helpx.adobe.com/illustrator/using/default-keyboard-shortcuts.html,"Feb 17, 2026",
Layers panel,Place layer at top of layer list,Ctrl-click New Layer button,Command-click New Layer button,https://helpx.adobe.com/illustrator/using/default-keyboard-shortcuts.html,"Feb 17, 2026",
Layers panel,Place layer below selected layer,Ctrl + Alt-click New Layer button,Command + Option-click New Layer button,https://helpx.adobe.com/illustrator/using/default-keyboard-shortcuts.html,"Feb 17, 2026",
Layers panel,"Copy the selection to a layer, sublayer, or group",Alt-drag selection,Option-drag selection,https://helpx.adobe.com/illustrator/using/default-keyboard-shortcuts.html,"Feb 17, 2026",
Swatches panel,Create new spot color,Ctrl-click New Swatch button,Command-click New Swatch button,https://helpx.adobe.com/illustrator/using/default-keyboard-shortcuts.html,"Feb 17, 2026",
Swatches panel,Create new global process color,Ctrl + Shift-click New Swatch button,Command + Shift-click New Swatch button,https://helpx.adobe.com/illustrator/using/default-keyboard-shortcuts.html,"Feb 17, 2026",
Swatches panel,Replace swatch with another,Alt-drag a swatch over another,Option-drag a swatch over another,https://helpx.adobe.com/illustrator/using/default-keyboard-shortcuts.html,"Feb 17, 2026",
Transform panel,Apply a value and keep focus in edit field,Shift + Enter,Shift + Return,https://helpx.adobe.com/illustrator/using/default-keyboard-shortcuts.html,"Feb 17, 2026",
Transform panel,Apply a value and copy object,Alt + Enter,Option + Return,https://helpx.adobe.com/illustrator/using/default-keyboard-shortcuts.html,"Feb 17, 2026",
Transform panel,Apply a value and scale option proportionately for width or height,Ctrl + Enter,Command + Return,https://helpx.adobe.com/illustrator/using/default-keyboard-shortcuts.html,"Feb 17, 2026",
Transparency panel,Apply last effect to the selected object,Shift + Ctrl + E,Shift + Command + E,https://helpx.adobe.com/illustrator/using/default-keyboard-shortcuts.html,"Feb 17, 2026",
Transparency panel,Apply last effect to the selected object by adjusting the values in the effects dialog box,Alt + Shift + Ctrl +E,Option + Shift + Command + E,https://helpx.adobe.com/illustrator/using/default-keyboard-shortcuts.html,"Feb 17, 2026",
Transparency panel,Change mask to grayscale image for editing,Alt-click on mask thumbnail,Option-click on mask thumbnail,https://helpx.adobe.com/illustrator/using/default-keyboard-shortcuts.html,"Feb 17, 2026",
Transparency panel,Disable opacity mask,Shift-click on mask thumbnail,Shift-click on mask thumbnail,https://helpx.adobe.com/illustrator/using/default-keyboard-shortcuts.html,"Feb 17, 2026",
Transparency panel,Re-enable opacity mask,Shift-click on disabled mask thumbnail,Shift-click on disabled mask thumbnail,https://helpx.adobe.com/illustrator/using/default-keyboard-shortcuts.html,"Feb 17, 2026",
Transparency panel,Increase/decrease opacity in 1% increments,Click opacity field + Up Arrow or Down Arrow,Click opacity field + Up Arrow or Down Arrow,https://helpx.adobe.com/illustrator/using/default-keyboard-shortcuts.html,"Feb 17, 2026",
Transparency panel,Increase/decrease opacity in 10% increments,Shift-click opacity field + Up Arrow or Down Arrow,Shift-click opacity field + Up Arrow or Down Arrow,https://helpx.adobe.com/illustrator/using/default-keyboard-shortcuts.html,"Feb 17, 2026",
Function keys,Invoke Help,F1,F1,https://helpx.adobe.com/illustrator/using/default-keyboard-shortcuts.html,"Feb 17, 2026",
Function keys,Cut,F2,F2,https://helpx.adobe.com/illustrator/using/default-keyboard-shortcuts.html,"Feb 17, 2026",
Function keys,Copy,F3,F3,https://helpx.adobe.com/illustrator/using/default-keyboard-shortcuts.html,"Feb 17, 2026",
Function keys,Paste,F4,F4,https://helpx.adobe.com/illustrator/using/default-keyboard-shortcuts.html,"Feb 17, 2026",
Function keys,Show/hide Brushes panel,F5,F5,https://helpx.adobe.com/illustrator/using/default-keyboard-shortcuts.html,"Feb 17, 2026",
Function keys,Show/hide Color panel,F6,F6,https://helpx.adobe.com/illustrator/using/default-keyboard-shortcuts.html,"Feb 17, 2026",
Function keys,Show/hide Layers panel,F7,F7,https://helpx.adobe.com/illustrator/using/default-keyboard-shortcuts.html,"Feb 17, 2026",
Function keys,Create new symbol,F8,F8,https://helpx.adobe.com/illustrator/using/default-keyboard-shortcuts.html,"Feb 17, 2026",
Function keys,Show/hide Info panel,Ctrl + F8,Command + F8,https://helpx.adobe.com/illustrator/using/default-keyboard-shortcuts.html,"Feb 17, 2026",
Function keys,Show/hide Gradient panel,Ctrl + F9,Command + F9,https://helpx.adobe.com/illustrator/using/default-keyboard-shortcuts.html,"Feb 17, 2026",
Function keys,Show/hide Stroke panel,Ctrl + F10,Command + F10,https://helpx.adobe.com/illustrator/using/default-keyboard-shortcuts.html,"Feb 17, 2026",
Function keys,Show/hide Attributes panel,Ctrl + F11,Command + F11,https://helpx.adobe.com/illustrator/using/default-keyboard-shortcuts.html,"Feb 17, 2026",
Function keys,Revert,F12,F12,https://helpx.adobe.com/illustrator/using/default-keyboard-shortcuts.html,"Feb 17, 2026",
Function keys,Show/hide Graphic Styles panel,Shift + F5,Shift + F5,https://helpx.adobe.com/illustrator/using/default-keyboard-shortcuts.html,"Feb 17, 2026",
Function keys,Show/hide Appearance panel,Shift + F6,Shift + F6,https://helpx.adobe.com/illustrator/using/default-keyboard-shortcuts.html,"Feb 17, 2026",
Function keys,Show/hide Align panel,Shift + F7,Shift + F7,https://helpx.adobe.com/illustrator/using/default-keyboard-shortcuts.html,"Feb 17, 2026",
Function keys,Show/hide Transform panel,Shift + F8,Shift + F8,https://helpx.adobe.com/illustrator/using/default-keyboard-shortcuts.html,"Feb 17, 2026",
Function keys,Show/hide Pathfinder panel,Shift + Ctrl + F9,Shift + Command + F9,https://helpx.adobe.com/illustrator/using/default-keyboard-shortcuts.html,"Feb 17, 2026",
Function keys,Show/hide Transparency panel,Shift + Ctrl + F10,Shift + Command + F10,https://helpx.adobe.com/illustrator/using/default-keyboard-shortcuts.html,"Feb 17, 2026",
Function keys,Show/hide Symbols panel,Shift + Ctrl + F11,Shift + Command + F11,https://helpx.adobe.com/illustrator/using/default-keyboard-shortcuts.html,"Feb 17, 2026",
